"","fold","prob0","prob1","pclass","FLAG","P010","P025","P050","P075","P090"
"1",1,0.999957547562343,4.24524376570976e-05,1,0,0,0,0,0,0
"2",1,0.996814618063996,0.00318538193600381,1,0,0,0,0,0,0
"3",1,0.999979408696391,2.05913036086054e-05,1,0,0,0,0,0,0
"4",1,0.999651932753096,0.000348067246904179,1,0,0,0,0,0,0
"5",1,0.999999471679282,5.28320718254776e-07,1,0,0,0,0,0,0
"6",1,0.999985758009379,1.42419906208093e-05,1,0,0,0,0,0,0
"7",1,0.99998453549588,1.54645041201009e-05,1,0,0,0,0,0,0
"8",1,0.999754580725965,0.000245419274034987,1,0,0,0,0,0,0
"9",1,0.998854261613001,0.00114573838699918,1,0,0,0,0,0,0
"10",1,0.999793359832556,0.000206640167444253,1,0,0,0,0,0,0
"11",1,0.994737451373647,0.00526254862635273,1,0,0,0,0,0,0
"12",1,0.653609492748739,0.346390507251261,1,0,1,1,0,0,0
"13",1,0.996789132082227,0.00321086791777333,1,0,0,0,0,0,0
"14",1,0.999843754957655,0.0001562450423446,1,0,0,0,0,0,0
"15",1,0.999928388917648,7.16110823519429e-05,1,0,0,0,0,0,0
"16",1,0.999828457881288,0.000171542118712312,1,0,0,0,0,0,0
"17",1,0.999886394204749,0.000113605795251078,1,0,0,0,0,0,0
"18",1,0.999026514212436,0.000973485787563763,1,0,0,0,0,0,0
"19",1,0.000701702279412426,0.999298297720588,2,1,1,1,1,1,1
"20",1,0.999995256538766,4.74346123442141e-06,1,0,0,0,0,0,0
"21",1,0.999689178509809,0.000310821490191359,1,0,0,0,0,0,0
"22",1,0.999986757308927,1.32426910724401e-05,1,0,0,0,0,0,0
"23",1,0.999899378272312,0.0001006217276875,1,0,0,0,0,0,0
"24",1,0.99987578970354,0.000124210296459785,1,0,0,0,0,0,0
"25",1,0.999901616638078,9.83833619216816e-05,1,0,0,0,0,0,0
"26",1,0.999541870783766,0.000458129216233826,1,0,0,0,0,0,0
"27",1,0.999870758308641,0.00012924169135903,1,0,0,0,0,0,0
"28",1,0.979409404594379,0.0205905954056208,1,0,0,0,0,0,0
"29",1,0.996556034915276,0.00344396508472391,1,0,0,0,0,0,0
"30",1,0.557499947675187,0.442500052324813,1,0,1,1,0,0,0
"31",1,0.999949309317442,5.0690682557961e-05,1,0,0,0,0,0,0
"32",1,0.999985024760107,1.49752398926907e-05,1,0,0,0,0,0,0
"33",1,0.999682061154083,0.000317938845916542,1,0,0,0,0,0,0
"34",1,0.997552281723265,0.00244771827673546,1,0,0,0,0,0,0
"35",1,0.980382832469451,0.0196171675305493,1,0,0,0,0,0,0
"36",1,0.999994784587086,5.2154129140286e-06,1,0,0,0,0,0,0
"37",1,0.964641001559597,0.0353589984404034,1,0,0,0,0,0,0
"38",1,0.886109944497381,0.113890055502619,1,0,1,0,0,0,0
"39",1,0.999546092087927,0.000453907912072493,1,0,0,0,0,0,0
"40",1,0.999751621797619,0.000248378202381319,1,0,0,0,0,0,0
"41",1,0.999987931007253,1.20689927466834e-05,1,0,0,0,0,0,0
"42",1,0.194351560381972,0.805648439618028,2,1,1,1,1,1,0
"43",1,0.998303744245277,0.00169625575472325,1,0,0,0,0,0,0
"44",1,0.999945589964502,5.4410035497576e-05,1,0,0,0,0,0,0
"45",1,0.999996319114664,3.68088533629257e-06,1,0,0,0,0,0,0
"46",1,0.999971126265723,2.887373427738e-05,1,0,0,0,0,0,0
"47",1,0.970722814601174,0.0292771853988262,1,0,0,0,0,0,0
"48",1,0.99985926982467,0.00014073017532968,1,0,0,0,0,0,0
"49",1,0.976941487926119,0.0230585120738806,1,0,0,0,0,0,0
"50",1,0.999994599749369,5.40025063098551e-06,1,0,0,0,0,0,0
"51",1,0.00124712014710151,0.998752879852899,2,1,1,1,1,1,1
"52",1,0.999978652467142,2.13475328576377e-05,1,0,0,0,0,0,0
"53",1,0.999975584246327,2.44157536732427e-05,1,0,0,0,0,0,0
"54",1,0.999769410395625,0.00023058960437484,1,0,0,0,0,0,0
"55",1,0.999321806078169,0.000678193921830979,1,0,0,0,0,0,0
"56",1,0.760142909592297,0.239857090407703,1,0,1,0,0,0,0
"57",1,0.999644957403977,0.000355042596022616,1,0,0,0,0,0,0
"58",1,0.999962171281428,3.78287185721422e-05,1,0,0,0,0,0,0
"59",1,0.988420399837538,0.0115796001624624,1,0,0,0,0,0,0
"60",1,0.997787924949472,0.00221207505052832,1,0,0,0,0,0,0
"61",1,0.99950857858986,0.00049142141013994,1,0,0,0,0,0,0
"62",1,0.999603190372276,0.000396809627724357,1,0,0,0,0,0,0
"63",1,0.948341379169215,0.0516586208307854,1,0,0,0,0,0,0
"64",1,0.984439816314941,0.0155601836850587,1,0,0,0,0,0,0
"65",1,0.999989472329062,1.05276709383931e-05,1,0,0,0,0,0,0
"66",1,0.999921742742671,7.8257257328956e-05,1,0,0,0,0,0,0
"67",1,0.999976888905689,2.31110943107855e-05,1,0,0,0,0,0,0
"68",1,0.999679911194455,0.000320088805544692,1,0,0,0,0,0,0
"69",1,0.947933251588768,0.0520667484112319,1,0,0,0,0,0,0
"70",1,0.99999366732118,6.33267882030099e-06,1,0,0,0,0,0,0
"71",1,0.999976371004871,2.36289951289898e-05,1,0,0,0,0,0,0
"72",1,0.99930151839744,0.000698481602560086,1,0,0,0,0,0,0
"73",1,0.999759323301263,0.00024067669873696,1,0,0,0,0,0,0
"74",1,0.999139781361488,0.000860218638512143,1,0,0,0,0,0,0
"75",1,0.392220029452179,0.607779970547821,2,0,1,1,1,0,0
"76",1,0.527851093035393,0.472148906964607,1,0,1,1,0,0,0
"77",1,0.999273695639091,0.000726304360909453,1,0,0,0,0,0,0
"78",1,0.517538274567748,0.482461725432252,1,1,1,1,0,0,0
"79",1,0.999982910835202,1.70891647979749e-05,1,0,0,0,0,0,0
"80",1,0.999987607995124,1.23920048764088e-05,1,0,0,0,0,0,0
"81",1,0.999925361859169,7.46381408304252e-05,1,0,0,0,0,0,0
"82",1,0.999997760582468,2.23941753233844e-06,1,0,0,0,0,0,0
"83",1,0.830023218382864,0.169976781617136,1,0,1,0,0,0,0
"84",1,0.999944282572062,5.57174279380615e-05,1,0,0,0,0,0,0
"85",1,0.999989491935646,1.05080643539261e-05,1,0,0,0,0,0,0
"86",1,0.999502809570246,0.000497190429753742,1,0,0,0,0,0,0
"87",1,0.0216091023371983,0.978390897662802,2,0,1,1,1,1,1
"88",1,0.999978459097284,2.15409027160197e-05,1,0,0,0,0,0,0
"89",1,0.998353504092246,0.00164649590775357,1,0,0,0,0,0,0
"90",1,0.999991749484494,8.25051550560406e-06,1,0,0,0,0,0,0
"91",1,0.985594494224236,0.0144055057757642,1,0,0,0,0,0,0
"92",1,0.999977624137619,2.23758623808281e-05,1,0,0,0,0,0,0
"93",1,0.999852700249948,0.000147299750051973,1,0,0,0,0,0,0
"94",1,0.999547490201296,0.000452509798703793,1,0,0,0,0,0,0
"95",1,0.999961881851109,3.81181488912989e-05,1,0,0,0,0,0,0
"96",1,0.999825682304173,0.000174317695827134,1,0,0,0,0,0,0
"97",1,0.999998687856061,1.31214393889142e-06,1,0,0,0,0,0,0
"98",1,0.999988226761853,1.17732381468259e-05,1,0,0,0,0,0,0
"99",1,0.997306206724155,0.00269379327584471,1,0,0,0,0,0,0
"100",1,0.999882916002616,0.000117083997383471,1,0,0,0,0,0,0
"101",1,0.998381449777597,0.00161855022240311,1,0,0,0,0,0,0
"102",1,0.991422643382311,0.00857735661768867,1,0,0,0,0,0,0
"103",1,0.999235815632447,0.000764184367552896,1,0,0,0,0,0,0
"104",1,0.999416483480038,0.000583516519962218,1,0,0,0,0,0,0
"105",1,0.240983724562802,0.759016275437198,2,0,1,1,1,1,0
"106",1,0.999916292724363,8.37072756367943e-05,1,0,0,0,0,0,0
"107",1,0.999987110142282,1.28898577180223e-05,1,0,0,0,0,0,0
"108",1,0.999892761305193,0.000107238694806563,1,0,0,0,0,0,0
"109",1,0.999864720066484,0.000135279933516412,1,0,0,0,0,0,0
"110",1,0.601440639809624,0.398559360190376,1,1,1,1,0,0,0
"111",1,0.999995822379391,4.17762060931771e-06,1,0,0,0,0,0,0
"112",1,0.800288155215732,0.199711844784267,1,0,1,0,0,0,0
"113",1,0.999982516384291,1.74836157090965e-05,1,0,0,0,0,0,0
"114",1,0.99999610911439,3.89088560955307e-06,1,0,0,0,0,0,0
"115",1,0.999992898940953,7.10105904726427e-06,1,0,0,0,0,0,0
"116",1,0.997848978111061,0.00215102188893883,1,0,0,0,0,0,0
"117",1,0.999925009073309,7.49909266913874e-05,1,0,0,0,0,0,0
"118",1,0.998803267209602,0.00119673279039826,1,0,0,0,0,0,0
"119",1,0.999990517791882,9.48220811827039e-06,1,0,0,0,0,0,0
"120",1,0.999916182196045,8.38178039551307e-05,1,0,0,0,0,0,0
"121",1,0.999963349213998,3.66507860022117e-05,1,0,0,0,0,0,0
"122",1,0.998299559040983,0.00170044095901688,1,0,0,0,0,0,0
"123",1,0.999988205570988,1.1794429011791e-05,1,0,0,0,0,0,0
"124",1,0.999989473593934,1.05264060664359e-05,1,0,0,0,0,0,0
"125",1,0.99967014345812,0.000329856541880008,1,0,0,0,0,0,0
"126",1,0.999982775577182,1.72244228185281e-05,1,0,0,0,0,0,0
"127",1,0.999923315577265,7.6684422734771e-05,1,0,0,0,0,0,0
"128",1,0.999995201557692,4.79844230788061e-06,1,0,0,0,0,0,0
"129",1,0.99979268049077,0.000207319509229815,1,0,0,0,0,0,0
"130",1,0.616671782730722,0.383328217269278,1,0,1,1,0,0,0
"131",1,0.999997753945994,2.24605400588825e-06,1,0,0,0,0,0,0
"132",1,0.999883598946179,0.000116401053820811,1,0,0,0,0,0,0
"133",1,0.999985138141731,1.48618582686793e-05,1,0,0,0,0,0,0
"134",1,0.996845356939017,0.00315464306098348,1,0,0,0,0,0,0
"135",1,0.999954961338653,4.50386613471543e-05,1,0,0,0,0,0,0
"136",1,0.0970850255271148,0.902914974472885,2,0,1,1,1,1,1
"137",1,0.999996735178292,3.26482170835341e-06,1,0,0,0,0,0,0
"138",1,0.999927302630232,7.26973697675554e-05,1,0,0,0,0,0,0
"139",1,0.998867652529256,0.0011323474707441,1,0,0,0,0,0,0
"140",1,0.999999345243676,6.54756324095058e-07,1,0,0,0,0,0,0
"141",1,0.999997230541088,2.76945891205161e-06,1,0,0,0,0,0,0
"142",1,0.999418160521276,0.000581839478723834,1,0,0,0,0,0,0
"143",1,0.999992051032542,7.94896745784254e-06,1,0,0,0,0,0,0
"144",1,0.919941959891542,0.0800580401084581,1,0,0,0,0,0,0
"145",1,0.999951847401451,4.81525985488246e-05,1,0,0,0,0,0,0
"146",1,0.857957690198479,0.142042309801521,1,0,1,0,0,0,0
"147",1,0.999998498020616,1.50197938397256e-06,1,0,0,0,0,0,0
"148",1,0.999627485757761,0.000372514242238768,1,0,0,0,0,0,0
"149",1,0.999983048609554,1.69513904455746e-05,1,0,0,0,0,0,0
"150",1,0.999997577044048,2.42295595175677e-06,1,0,0,0,0,0,0
"151",1,0.998539119767477,0.00146088023252272,1,0,0,0,0,0,0
"152",1,0.999990718717763,9.28128223706078e-06,1,0,0,0,0,0,0
"153",1,0.999959229295477,4.07707045228653e-05,1,0,0,0,0,0,0
"154",1,0.999733482472221,0.000266517527778564,1,0,0,0,0,0,0
"155",1,0.999037452879086,0.000962547120914592,1,0,0,0,0,0,0
"156",1,0.999939533199531,6.04668004691211e-05,1,0,0,0,0,0,0
"157",1,0.99989115988786,0.000108840112140102,1,0,0,0,0,0,0
"158",1,0.00346353795077039,0.99653646204923,2,1,1,1,1,1,1
"159",1,0.999776091588203,0.000223908411797353,1,0,0,0,0,0,0
"160",1,0.979921453705909,0.0200785462940912,1,0,0,0,0,0,0
"161",1,0.867409132285999,0.132590867714001,1,0,1,0,0,0,0
"162",1,0.999938165936003,6.18340639966848e-05,1,0,0,0,0,0,0
"163",1,0.998834115759036,0.0011658842409635,1,0,0,0,0,0,0
"164",1,0.99938006597458,0.000619934025419647,1,0,0,0,0,0,0
"165",1,0.993919737285681,0.00608026271431931,1,0,0,0,0,0,0
"166",1,0.999969985349721,3.00146502793812e-05,1,0,0,0,0,0,0
"167",1,0.999168895888646,0.000831104111354493,1,0,0,0,0,0,0
"168",1,0.999943072498525,5.692750147495e-05,1,0,0,0,0,0,0
"169",1,0.907527947595035,0.0924720524049648,1,0,0,0,0,0,0
"170",1,0.999977841634289,2.21583657111033e-05,1,0,0,0,0,0,0
"171",1,0.999974724196679,2.52758033208991e-05,1,0,0,0,0,0,0
"172",1,0.983791276379715,0.0162087236202847,1,0,0,0,0,0,0
"173",1,0.127586072445277,0.872413927554722,2,1,1,1,1,1,0
"174",1,0.999421907162172,0.000578092837828129,1,0,0,0,0,0,0
"175",1,0.999981476235434,1.85237645660989e-05,1,0,0,0,0,0,0
"176",1,0.995503248525217,0.00449675147478275,1,0,0,0,0,0,0
"177",1,0.999963323751855,3.66762481447034e-05,1,0,0,0,0,0,0
"178",1,0.999664694277329,0.000335305722671417,1,0,0,0,0,0,0
"179",1,0.999959639594955,4.03604050446408e-05,1,0,0,0,0,0,0
"180",1,0.999972297335069,2.77026649312058e-05,1,0,0,0,0,0,0
"181",1,0.99369065923833,0.0063093407616703,1,0,0,0,0,0,0
"182",1,0.999531193996654,0.000468806003346302,1,0,0,0,0,0,0
"183",1,0.999730944257862,0.000269055742138016,1,0,0,0,0,0,0
"184",1,0.999730551194281,0.000269448805719024,1,0,0,0,0,0,0
"185",1,0.999656455770099,0.000343544229901372,1,0,0,0,0,0,0
"186",1,0.999942506572158,5.74934278420032e-05,1,0,0,0,0,0,0
"187",1,0.384433127270993,0.615566872729007,2,1,1,1,1,0,0
"188",1,0.999999029552043,9.70447957138606e-07,1,0,0,0,0,0,0
"189",1,0.999707052682142,0.000292947317857793,1,0,0,0,0,0,0
"190",1,0.999976541363238,2.34586367617038e-05,1,0,0,0,0,0,0
"191",1,0.999987688193594,1.23118064059959e-05,1,0,0,0,0,0,0
"192",1,0.999955866948075,4.41330519252679e-05,1,0,0,0,0,0,0
"193",1,0.999986502661662,1.34973383382698e-05,1,0,0,0,0,0,0
"194",1,0.999998216029597,1.78397040338082e-06,1,0,0,0,0,0,0
"195",1,0.790079248220972,0.209920751779028,1,0,1,0,0,0,0
"196",1,0.999834754261314,0.000165245738686233,1,0,0,0,0,0,0
"197",1,0.999950981461069,4.90185389314724e-05,1,0,0,0,0,0,0
"198",1,0.999837178166261,0.000162821833738959,1,0,0,0,0,0,0
"199",1,0.99977447392802,0.00022552607198013,1,0,0,0,0,0,0
"200",1,0.899363220658227,0.100636779341773,1,0,1,0,0,0,0
"201",1,0.999949955047691,5.00449523092626e-05,1,0,0,0,0,0,0
"202",1,0.999703440742049,0.000296559257951497,1,0,0,0,0,0,0
"203",1,0.999989935209701,1.00647902990538e-05,1,0,0,0,0,0,0
"204",1,0.00330874506769256,0.996691254932307,2,0,1,1,1,1,1
"205",1,0.999968930148695,3.1069851304462e-05,1,0,0,0,0,0,0
"206",1,0.996855338519499,0.00314466148050119,1,0,0,0,0,0,0
"207",1,0.998214651788042,0.00178534821195838,1,0,0,0,0,0,0
"208",1,0.770762874891216,0.229237125108784,1,0,1,0,0,0,0
"209",1,0.999930506033157,6.94939668426075e-05,1,0,0,0,0,0,0
"210",1,0.99990785847378,9.21415262201255e-05,1,0,0,0,0,0,0
"211",1,0.999996868730097,3.13126990350907e-06,1,0,0,0,0,0,0
"212",1,0.995444057638505,0.00455594236149476,1,0,0,0,0,0,0
"213",1,0.999972881078827,2.71189211725779e-05,1,0,0,0,0,0,0
"214",1,0.999954218611977,4.57813880228701e-05,1,0,0,0,0,0,0
"215",1,0.992085497083586,0.00791450291641435,1,0,0,0,0,0,0
"216",1,0.999942659949791,5.73400502086949e-05,1,0,0,0,0,0,0
"217",1,0.980275144371294,0.0197248556287055,1,0,0,0,0,0,0
"218",1,0.999787572660959,0.000212427339041236,1,0,0,0,0,0,0
"219",1,0.999993951963293,6.04803670718606e-06,1,0,0,0,0,0,0
"220",1,0.741170868166632,0.258829131833368,1,0,1,1,0,0,0
"221",1,0.994379393441261,0.00562060655873929,1,0,0,0,0,0,0
"222",1,0.999992585543913,7.41445608670405e-06,1,0,0,0,0,0,0
"223",1,0.993931469195239,0.00606853080476083,1,0,0,0,0,0,0
"224",1,0.996089748940401,0.00391025105959886,1,0,0,0,0,0,0
"225",1,0.999957959497847,4.20405021531377e-05,1,0,0,0,0,0,0
"226",1,0.999973567033628,2.6432966371733e-05,1,0,0,0,0,0,0
"227",1,0.99847187089411,0.00152812910588964,1,0,0,0,0,0,0
"228",1,0.99998693316002,1.30668399799953e-05,1,0,0,0,0,0,0
"229",1,0.99990936703493,9.06329650701144e-05,1,0,0,0,0,0,0
"230",1,0.999973099923783,2.69000762175589e-05,1,0,0,0,0,0,0
"231",1,0.999964740002373,3.52599976273232e-05,1,0,0,0,0,0,0
"232",1,0.999036902766732,0.000963097233267743,1,0,0,0,0,0,0
"233",1,0.999973740874241,2.62591257588178e-05,1,0,0,0,0,0,0
"234",1,0.999952705381932,4.72946180676002e-05,1,0,0,0,0,0,0
"235",1,0.99863721618404,0.00136278381596038,1,0,0,0,0,0,0
"236",1,0.999984388307996,1.56116920037498e-05,1,0,0,0,0,0,0
"237",1,0.969313383925686,0.0306866160743144,1,0,0,0,0,0,0
"238",1,0.999963950718674,3.60492813256426e-05,1,0,0,0,0,0,0
"239",1,0.734572088467931,0.26542791153207,1,1,1,1,0,0,0
"240",1,0.999984408435619,1.55915643808516e-05,1,0,0,0,0,0,0
"241",1,0.995535773414162,0.00446422658583779,1,0,0,0,0,0,0
"242",1,0.999947096928133,5.29030718669585e-05,1,0,0,0,0,0,0
"243",1,0.999978289706667,2.17102933334735e-05,1,0,0,0,0,0,0
"244",1,0.999923487463792,7.65125362080196e-05,1,0,0,0,0,0,0
"245",1,0.999990307463753,9.69253624722498e-06,1,0,0,0,0,0,0
"246",1,0.999632581609143,0.00036741839085655,1,0,0,0,0,0,0
"247",1,0.999144775451903,0.000855224548097057,1,0,0,0,0,0,0
"248",1,0.999985526296603,1.44737033968551e-05,1,0,0,0,0,0,0
"249",1,0.965808444017134,0.0341915559828661,1,0,0,0,0,0,0
"250",1,0.844536340050216,0.155463659949784,1,0,1,0,0,0,0
"251",1,0.99861636975157,0.00138363024843002,1,0,0,0,0,0,0
"252",1,0.999883355110686,0.000116644889313715,1,0,0,0,0,0,0
"253",1,0.999998405102735,1.59489726512438e-06,1,0,0,0,0,0,0
"254",1,0.999474921954995,0.000525078045005359,1,0,0,0,0,0,0
"255",2,0.99954368050584,0.000456319494160314,1,0,0,0,0,0,0
"256",2,0.999951685731794,4.83142682058927e-05,1,0,0,0,0,0,0
"257",2,0.999989256278713,1.07437212868741e-05,1,0,0,0,0,0,0
"258",2,0.998381930362768,0.00161806963723175,1,0,0,0,0,0,0
"259",2,0.999977105886408,2.28941135920982e-05,1,0,0,0,0,0,0
"260",2,0.999944755698592,5.5244301408285e-05,1,0,0,0,0,0,0
"261",2,0.99977609341756,0.000223906582439679,1,0,0,0,0,0,0
"262",2,0.999995278471039,4.72152896055241e-06,1,0,0,0,0,0,0
"263",2,0.999988070135067,1.19298649334558e-05,1,0,0,0,0,0,0
"264",2,0.999987291134265,1.27088657345221e-05,1,0,0,0,0,0,0
"265",2,0.97490451719266,0.0250954828073396,1,0,0,0,0,0,0
"266",2,0.973296666146926,0.0267033338530736,1,0,0,0,0,0,0
"267",2,0.999693198688208,0.000306801311791947,1,0,0,0,0,0,0
"268",2,0.999960047246249,3.99527537510488e-05,1,0,0,0,0,0,0
"269",2,0.999990894703189,9.10529681134405e-06,1,0,0,0,0,0,0
"270",2,0.949917746064045,0.0500822539359554,1,0,0,0,0,0,0
"271",2,0.979525196723118,0.0204748032768819,1,0,0,0,0,0,0
"272",2,0.999777818405755,0.000222181594244781,1,0,0,0,0,0,0
"273",2,0.999270729642415,0.000729270357584686,1,0,0,0,0,0,0
"274",2,0.999111791062676,0.000888208937324244,1,0,0,0,0,0,0
"275",2,0.999982591235305,1.74087646948578e-05,1,0,0,0,0,0,0
"276",2,0.998481903773966,0.001518096226034,1,0,0,0,0,0,0
"277",2,0.999973337533702,2.66624662985057e-05,1,0,0,0,0,0,0
"278",2,0.999895814891397,0.000104185108602828,1,0,0,0,0,0,0
"279",2,0.991207879901089,0.0087921200989107,1,0,0,0,0,0,0
"280",2,0.999788776946112,0.000211223053887987,1,0,0,0,0,0,0
"281",2,0.999987169682906,1.28303170944216e-05,1,0,0,0,0,0,0
"282",2,0.99964313060911,0.000356869390890439,1,0,0,0,0,0,0
"283",2,0.999976630713819,2.3369286181291e-05,1,0,0,0,0,0,0
"284",2,0.736584177373674,0.263415822626326,1,0,1,1,0,0,0
"285",2,0.999987909612339,1.20903876615023e-05,1,0,0,0,0,0,0
"286",2,0.999023381251732,0.000976618748268095,1,0,0,0,0,0,0
"287",2,0.999996559446409,3.4405535905965e-06,1,0,0,0,0,0,0
"288",2,0.999971914564239,2.80854357609009e-05,1,0,0,0,0,0,0
"289",2,0.999455073917767,0.000544926082233252,1,0,0,0,0,0,0
"290",2,0.99998868828852,1.13117114795207e-05,1,0,0,0,0,0,0
"291",2,0.999376499599034,0.000623500400966077,1,0,0,0,0,0,0
"292",2,0.974286866874319,0.0257131331256805,1,0,0,0,0,0,0
"293",2,0.999984600311563,1.53996884369033e-05,1,0,0,0,0,0,0
"294",2,0.999872121131847,0.000127878868153066,1,0,0,0,0,0,0
"295",2,0.999724489453944,0.000275510546055655,1,0,0,0,0,0,0
"296",2,0.0025729642565531,0.997427035743447,2,1,1,1,1,1,1
"297",2,0.99999292818112,7.07181888040018e-06,1,0,0,0,0,0,0
"298",2,0.995693873230445,0.00430612676955508,1,0,0,0,0,0,0
"299",2,0.999944891895934,5.51081040656546e-05,1,0,0,0,0,0,0
"300",2,0.999919039148063,8.09608519374323e-05,1,0,0,0,0,0,0
"301",2,0.997908997820341,0.00209100217965854,1,0,0,0,0,0,0
"302",2,0.999886632802547,0.000113367197452733,1,0,0,0,0,0,0
"303",2,0.999500039714153,0.000499960285847264,1,0,0,0,0,0,0
"304",2,0.999999649900093,3.50099906821644e-07,1,0,0,0,0,0,0
"305",2,0.999629075390508,0.000370924609491895,1,0,0,0,0,0,0
"306",2,0.999696454443763,0.000303545556236764,1,0,0,0,0,0,0
"307",2,0.999962088277257,3.7911722743605e-05,1,0,0,0,0,0,0
"308",2,0.993605960210909,0.00639403978909142,1,0,0,0,0,0,0
"309",2,0.999491129809481,0.000508870190519057,1,0,0,0,0,0,0
"310",2,0.991437532813251,0.0085624671867489,1,0,0,0,0,0,0
"311",2,0.999339227277762,0.000660772722238313,1,0,0,0,0,0,0
"312",2,0.992857684379613,0.00714231562038668,1,0,0,0,0,0,0
"313",2,0.973925800406587,0.0260741995934129,1,0,0,0,0,0,0
"314",2,0.999959103149627,4.08968503729693e-05,1,0,0,0,0,0,0
"315",2,0.997689177511123,0.00231082248887704,1,0,0,0,0,0,0
"316",2,0.979641001886719,0.0203589981132811,1,0,0,0,0,0,0
"317",2,0.999870278961231,0.000129721038769235,1,0,0,0,0,0,0
"318",2,0.999954114753335,4.58852466650579e-05,1,0,0,0,0,0,0
"319",2,0.999852754482981,0.000147245517019465,1,0,0,0,0,0,0
"320",2,0.132746472288174,0.867253527711826,2,0,1,1,1,1,0
"321",2,0.9999697883942,3.0211605799841e-05,1,0,0,0,0,0,0
"322",2,0.999825403709859,0.000174596290141417,1,0,0,0,0,0,0
"323",2,0.999997759604503,2.24039549661861e-06,1,0,0,0,0,0,0
"324",2,0.999993844286908,6.15571309189475e-06,1,0,0,0,0,0,0
"325",2,0.999982407498612,1.75925013882165e-05,1,0,0,0,0,0,0
"326",2,0.999992417141907,7.58285809276143e-06,1,0,0,0,0,0,0
"327",2,0.999875790313124,0.000124209686875813,1,0,0,0,0,0,0
"328",2,0.99998723807125,1.27619287496413e-05,1,0,0,0,0,0,0
"329",2,0.990411838449587,0.00958816155041309,1,0,0,0,0,0,0
"330",2,0.99937780673747,0.000622193262530261,1,0,0,0,0,0,0
"331",2,0.999987054501713,1.29454982870915e-05,1,0,0,0,0,0,0
"332",2,0.00209804441121637,0.997901955588784,2,1,1,1,1,1,1
"333",2,0.999679144113644,0.000320855886356566,1,0,0,0,0,0,0
"334",2,0.932133925152695,0.0678660748473048,1,0,0,0,0,0,0
"335",2,0.997662814484007,0.00233718551599258,1,0,0,0,0,0,0
"336",2,0.999996823739609,3.17626039081579e-06,1,0,0,0,0,0,0
"337",2,0.996399660801235,0.00360033919876469,1,0,0,0,0,0,0
"338",2,0.99948431636084,0.000515683639159799,1,0,0,0,0,0,0
"339",2,0.999986028690559,1.39713094413686e-05,1,0,0,0,0,0,0
"340",2,0.997285909162827,0.00271409083717269,1,0,0,0,0,0,0
"341",2,0.999996760805698,3.23919430168667e-06,1,0,0,0,0,0,0
"342",2,0.917419158273348,0.0825808417266517,1,0,0,0,0,0,0
"343",2,0.996260187232905,0.00373981276709515,1,0,0,0,0,0,0
"344",2,0.939741829890731,0.060258170109269,1,0,0,0,0,0,0
"345",2,0.920790176624701,0.0792098233752988,1,1,0,0,0,0,0
"346",2,0.999930182366792,6.98176332080675e-05,1,0,0,0,0,0,0
"347",2,0.999110236804577,0.000889763195422921,1,0,0,0,0,0,0
"348",2,0.999728136235821,0.000271863764178713,1,0,0,0,0,0,0
"349",2,0.996559744961778,0.00344025503822238,1,0,0,0,0,0,0
"350",2,0.999766452264814,0.000233547735185961,1,0,0,0,0,0,0
"351",2,0.999988921488588,1.10785114121637e-05,1,0,0,0,0,0,0
"352",2,0.923213268156843,0.0767867318431567,1,0,0,0,0,0,0
"353",2,0.998318903740024,0.00168109625997622,1,0,0,0,0,0,0
"354",2,0.996775984047575,0.0032240159524256,1,0,0,0,0,0,0
"355",2,0.646556348012484,0.353443651987516,1,0,1,1,0,0,0
"356",2,0.993530158293917,0.00646984170608299,1,0,0,0,0,0,0
"357",2,0.998950087103231,0.00104991289676884,1,0,0,0,0,0,0
"358",2,0.999914154025348,8.58459746521059e-05,1,0,0,0,0,0,0
"359",2,0.999953042447261,4.69575527394207e-05,1,0,0,0,0,0,0
"360",2,0.999964410663548,3.5589336451838e-05,1,0,0,0,0,0,0
"361",2,0.999641169019467,0.000358830980532703,1,0,0,0,0,0,0
"362",2,0.999952404088852,4.75959111484184e-05,1,0,0,0,0,0,0
"363",2,0.999869732482643,0.000130267517357117,1,0,0,0,0,0,0
"364",2,0.999726250640277,0.000273749359723004,1,0,0,0,0,0,0
"365",2,0.999895428229893,0.000104571770106937,1,0,0,0,0,0,0
"366",2,0.999417752714453,0.000582247285547186,1,0,0,0,0,0,0
"367",2,0.998465054030189,0.00153494596981046,1,0,0,0,0,0,0
"368",2,0.995029212165938,0.00497078783406237,1,0,0,0,0,0,0
"369",2,0.99995524910108,4.47508989204468e-05,1,0,0,0,0,0,0
"370",2,0.999967765811163,3.22341888371648e-05,1,0,0,0,0,0,0
"371",2,0.999739775966055,0.000260224033944953,1,0,0,0,0,0,0
"372",2,0.998571361746366,0.00142863825363444,1,0,0,0,0,0,0
"373",2,0.999901026757556,9.897324244361e-05,1,0,0,0,0,0,0
"374",2,0.997880847370131,0.00211915262986932,1,0,0,0,0,0,0
"375",2,0.999934510790272,6.54892097282379e-05,1,0,0,0,0,0,0
"376",2,0.999781183033769,0.000218816966231068,1,0,0,0,0,0,0
"377",2,0.0327828735673392,0.967217126432661,2,1,1,1,1,1,1
"378",2,0.999997500188519,2.4998114806705e-06,1,0,0,0,0,0,0
"379",2,0.999952888213539,4.71117864606849e-05,1,0,0,0,0,0,0
"380",2,0.999662245490709,0.000337754509290936,1,0,0,0,0,0,0
"381",2,0.669714681122188,0.330285318877812,1,1,1,1,0,0,0
"382",2,0.999942086532205,5.79134677955288e-05,1,0,0,0,0,0,0
"383",2,0.998746665933158,0.001253334066842,1,0,0,0,0,0,0
"384",2,0.999922039207241,7.79607927593511e-05,1,0,0,0,0,0,0
"385",2,0.999957931466088,4.20685339122001e-05,1,0,0,0,0,0,0
"386",2,0.999972668943328,2.73310566717876e-05,1,0,0,0,0,0,0
"387",2,0.99998237966091,1.76203390903347e-05,1,0,0,0,0,0,0
"388",2,0.999994802607044,5.19739295572941e-06,1,0,0,0,0,0,0
"389",2,0.185597839739556,0.814402160260444,2,1,1,1,1,1,0
"390",2,0.999995772725963,4.22727403662172e-06,1,0,0,0,0,0,0
"391",2,3.20765577931215e-07,0.999999679234422,2,1,1,1,1,1,1
"392",2,0.996561135292343,0.00343886470765739,1,0,0,0,0,0,0
"393",2,0.999997984108066,2.01589193439172e-06,1,0,0,0,0,0,0
"394",2,0.997568929407125,0.00243107059287514,1,0,0,0,0,0,0
"395",2,0.982029236626507,0.0179707633734932,1,0,0,0,0,0,0
"396",2,0.990936384659852,0.00906361534014811,1,0,0,0,0,0,0
"397",2,0.425520876979751,0.574479123020249,2,1,1,1,1,0,0
"398",2,0.905522132908022,0.0944778670919785,1,0,0,0,0,0,0
"399",2,0.999993354790748,6.64520925224799e-06,1,0,0,0,0,0,0
"400",2,0.999917639935602,8.23600643979761e-05,1,0,0,0,0,0,0
"401",2,0.999940442323441,5.95576765593961e-05,1,0,0,0,0,0,0
"402",2,0.970633200533751,0.029366799466249,1,0,0,0,0,0,0
"403",2,0.484011168220515,0.515988831779485,2,1,1,1,1,0,0
"404",2,0.999970807613353,2.91923866471367e-05,1,0,0,0,0,0,0
"405",2,0.999024226473704,0.000975773526296154,1,0,0,0,0,0,0
"406",2,0.999899833974731,0.000100166025269102,1,0,0,0,0,0,0
"407",2,0.975363820725545,0.0246361792744548,1,0,0,0,0,0,0
"408",2,0.999987976353737,1.20236462632608e-05,1,0,0,0,0,0,0
"409",2,0.982441581098188,0.0175584189018122,1,0,0,0,0,0,0
"410",2,0.974206464859791,0.0257935351402092,1,0,0,0,0,0,0
"411",2,0.999839171572443,0.000160828427557002,1,0,0,0,0,0,0
"412",2,0.999999122530303,8.77469697289418e-07,1,0,0,0,0,0,0
"413",2,0.747293750142921,0.252706249857079,1,0,1,1,0,0,0
"414",2,0.999932555523519,6.744447648116e-05,1,0,0,0,0,0,0
"415",2,0.999443951720089,0.000556048279910766,1,0,0,0,0,0,0
"416",2,0.202230700114867,0.797769299885133,2,1,1,1,1,1,0
"417",2,0.0594238108897264,0.940576189110274,2,1,1,1,1,1,1
"418",2,0.999995053337418,4.94666258240169e-06,1,0,0,0,0,0,0
"419",2,0.999994844082789,5.15591721139406e-06,1,0,0,0,0,0,0
"420",2,0.999786802319707,0.000213197680293157,1,0,0,0,0,0,0
"421",2,0.534200831859226,0.465799168140774,1,1,1,1,0,0,0
"422",2,0.999049513519098,0.000950486480902208,1,0,0,0,0,0,0
"423",2,0.380166082997478,0.619833917002522,2,0,1,1,1,0,0
"424",2,0.999969979159819,3.00208401810138e-05,1,0,0,0,0,0,0
"425",2,0.999759809849609,0.000240190150391352,1,0,0,0,0,0,0
"426",2,0.999971036910248,2.89630897521861e-05,1,0,0,0,0,0,0
"427",2,0.999978157709778,2.18422902222593e-05,1,0,0,0,0,0,0
"428",2,0.999753574092241,0.000246425907759258,1,0,0,0,0,0,0
"429",2,0.984498960370169,0.0155010396298311,1,0,0,0,0,0,0
"430",2,0.999516203822694,0.000483796177306005,1,0,0,0,0,0,0
"431",2,0.999877834085218,0.000122165914782107,1,0,0,0,0,0,0
"432",2,0.996159341964968,0.00384065803503153,1,0,0,0,0,0,0
"433",2,0.999991755877939,8.24412206065879e-06,1,0,0,0,0,0,0
"434",2,0.999414295137753,0.000585704862246896,1,0,0,0,0,0,0
"435",2,0.999705519765062,0.000294480234938068,1,0,0,0,0,0,0
"436",2,0.657112297293045,0.342887702706955,1,1,1,1,0,0,0
"437",2,0.999975494516355,2.45054836449319e-05,1,0,0,0,0,0,0
"438",2,0.999744643639161,0.000255356360839185,1,0,0,0,0,0,0
"439",2,0.99984103266621,0.000158967333789882,1,0,0,0,0,0,0
"440",2,0.999826601835697,0.000173398164303209,1,0,0,0,0,0,0
"441",2,0.999734505524378,0.00026549447562215,1,0,0,0,0,0,0
"442",2,0.99999485917217,5.14082782989437e-06,1,0,0,0,0,0,0
"443",2,0.999991984689526,8.01531047423823e-06,1,0,0,0,0,0,0
"444",2,0.999190001723356,0.000809998276643721,1,0,0,0,0,0,0
"445",2,0.940871759478053,0.0591282405219471,1,0,0,0,0,0,0
"446",2,0.97371031174094,0.02628968825906,1,0,0,0,0,0,0
"447",2,0.999860187022168,0.000139812977832624,1,0,0,0,0,0,0
"448",2,0.999996510914966,3.48908503420824e-06,1,0,0,0,0,0,0
"449",2,0.99995950678238,4.04932176196214e-05,1,0,0,0,0,0,0
"450",2,0.931396799430136,0.0686032005698642,1,0,0,0,0,0,0
"451",2,0.999973951634712,2.60483652879627e-05,1,0,0,0,0,0,0
"452",2,0.999997464652759,2.53534724083595e-06,1,0,0,0,0,0,0
"453",2,0.999986733587205,1.3266412795212e-05,1,0,0,0,0,0,0
"454",2,0.999990067395434,9.93260456594166e-06,1,0,0,0,0,0,0
"455",2,0.9998944858613,0.000105514138700016,1,0,0,0,0,0,0
"456",2,0.716086238009938,0.283913761990062,1,0,1,1,0,0,0
"457",2,0.210540472298886,0.789459527701114,2,1,1,1,1,1,0
"458",2,0.999735245488032,0.000264754511968034,1,0,0,0,0,0,0
"459",2,0.9996885845491,0.00031141545089992,1,0,0,0,0,0,0
"460",2,0.999993448826733,6.55117326686633e-06,1,0,0,0,0,0,0
"461",2,0.99992364152552,7.63584744801154e-05,1,0,0,0,0,0,0
"462",2,0.999798506124309,0.000201493875691423,1,0,0,0,0,0,0
"463",2,0.999995326022319,4.67397768153423e-06,1,0,0,0,0,0,0
"464",2,0.999766692853838,0.000233307146162194,1,0,0,0,0,0,0
"465",2,0.999579921689309,0.000420078310690748,1,0,0,0,0,0,0
"466",2,0.986799063322593,0.0132009366774067,1,0,0,0,0,0,0
"467",2,0.999743238394417,0.00025676160558317,1,0,0,0,0,0,0
"468",2,0.99943292960197,0.000567070398029462,1,0,0,0,0,0,0
"469",2,0.999582996872665,0.000417003127334882,1,0,0,0,0,0,0
"470",2,0.680372922575062,0.319627077424938,1,1,1,1,0,0,0
"471",2,0.999975599141611,2.4400858388785e-05,1,0,0,0,0,0,0
"472",2,0.999954933099937,4.5066900063373e-05,1,0,0,0,0,0,0
"473",2,0.999994342737044,5.65726295586413e-06,1,0,0,0,0,0,0
"474",2,0.0111102150380594,0.988889784961941,2,1,1,1,1,1,1
"475",2,8.11335096107099e-06,0.999991886649039,2,1,1,1,1,1,1
"476",2,0.999970067899631,2.9932100369197e-05,1,0,0,0,0,0,0
"477",2,0.999986709379902,1.3290620098232e-05,1,0,0,0,0,0,0
"478",2,0.999997860909324,2.13909067618602e-06,1,0,0,0,0,0,0
"479",2,0.999986726555976,1.3273444023565e-05,1,0,0,0,0,0,0
"480",2,0.999990007778508,9.9922214921884e-06,1,0,0,0,0,0,0
"481",2,0.999940572236611,5.94277633892263e-05,1,0,0,0,0,0,0
"482",2,0.99998499341057,1.50065894298942e-05,1,0,0,0,0,0,0
"483",2,0.996802039752251,0.00319796024774916,1,0,0,0,0,0,0
"484",2,0.999852478161093,0.000147521838906928,1,0,0,0,0,0,0
"485",2,0.999960067325877,3.99326741228326e-05,1,0,0,0,0,0,0
"486",2,0.99999811341623,1.88658376950929e-06,1,0,0,0,0,0,0
"487",2,0.999966305298998,3.36947010021009e-05,1,0,0,0,0,0,0
"488",2,0.999076831277248,0.000923168722751793,1,0,0,0,0,0,0
"489",2,0.999212847835485,0.000787152164515044,1,0,0,0,0,0,0
"490",2,0.999985161144467,1.48388555326727e-05,1,0,0,0,0,0,0
"491",2,0.994424536838419,0.00557546316158116,1,0,0,0,0,0,0
"492",2,0.999821009402359,0.000178990597641196,1,0,0,0,0,0,0
"493",2,0.999876213002254,0.000123786997745422,1,0,0,0,0,0,0
"494",2,0.999211760949545,0.000788239050455163,1,0,0,0,0,0,0
"495",2,0.999988828697594,1.11713024061717e-05,1,0,0,0,0,0,0
"496",2,0.966031902459621,0.0339680975403789,1,0,0,0,0,0,0
"497",2,0.999892720007159,0.000107279992841286,1,0,0,0,0,0,0
"498",2,0.999916362438504,8.3637561495678e-05,1,0,0,0,0,0,0
"499",2,0.999955244381652,4.4755618347557e-05,1,0,0,0,0,0,0
"500",2,0.997149502409259,0.00285049759074045,1,0,0,0,0,0,0
"501",2,0.999717606643546,0.000282393356454028,1,0,0,0,0,0,0
"502",2,0.993153189639252,0.0068468103607477,1,0,0,0,0,0,0
"503",2,0.999994271432052,5.72856794837372e-06,1,0,0,0,0,0,0
"504",2,0.962842185567264,0.0371578144327364,1,0,0,0,0,0,0
"505",2,0.859968787812089,0.140031212187911,1,0,1,0,0,0,0
"506",2,0.999957367849152,4.26321508482573e-05,1,0,0,0,0,0,0
"507",2,0.999972352202954,2.76477970465258e-05,1,0,0,0,0,0,0
"508",2,0.999910791313713,8.92086862868064e-05,1,0,0,0,0,0,0
"509",3,0.988120879550086,0.0118791204499137,1,0,0,0,0,0,0
"510",3,0.999932323312585,6.76766874151329e-05,1,0,0,0,0,0,0
"511",3,0.999801239871961,0.000198760128039277,1,0,0,0,0,0,0
"512",3,0.99995862732631,4.1372673690048e-05,1,0,0,0,0,0,0
"513",3,0.999976231850887,2.37681491133237e-05,1,0,0,0,0,0,0
"514",3,0.999931972045054,6.80279549458999e-05,1,0,0,0,0,0,0
"515",3,0.996109327266155,0.00389067273384488,1,0,0,0,0,0,0
"516",3,0.999978505480404,2.14945195962514e-05,1,0,0,0,0,0,0
"517",3,0.999752469011099,0.000247530988901327,1,0,0,0,0,0,0
"518",3,0.999932605586979,6.73944130209419e-05,1,0,0,0,0,0,0
"519",3,0.999821767792514,0.000178232207485623,1,0,0,0,0,0,0
"520",3,0.999602448823351,0.000397551176649454,1,0,0,0,0,0,0
"521",3,0.999994196891539,5.80310846115536e-06,1,0,0,0,0,0,0
"522",3,0.999929669979962,7.0330020037652e-05,1,0,0,0,0,0,0
"523",3,0.999724662965091,0.000275337034908843,1,0,0,0,0,0,0
"524",3,0.984065726653269,0.0159342733467314,1,0,0,0,0,0,0
"525",3,0.999972793933518,2.72060664820794e-05,1,0,0,0,0,0,0
"526",3,0.999982945377361,1.70546226386714e-05,1,0,0,0,0,0,0
"527",3,0.999337953950054,0.000662046049945812,1,0,0,0,0,0,0
"528",3,0.999929142926587,7.08570734130855e-05,1,0,0,0,0,0,0
"529",3,0.872741721066302,0.127258278933698,1,0,1,0,0,0,0
"530",3,0.957779701747267,0.0422202982527327,1,0,0,0,0,0,0
"531",3,0.988675977231683,0.0113240227683172,1,0,0,0,0,0,0
"532",3,0.999992631499997,7.36850000290607e-06,1,0,0,0,0,0,0
"533",3,0.999978852861374,2.11471386257515e-05,1,0,0,0,0,0,0
"534",3,0.999898539698529,0.000101460301470641,1,0,0,0,0,0,0
"535",3,0.999977463160457,2.25368395434512e-05,1,0,0,0,0,0,0
"536",3,0.999351017182431,0.000648982817568498,1,0,0,0,0,0,0
"537",3,0.999417436815898,0.000582563184102296,1,0,0,0,0,0,0
"538",3,0.995627645207344,0.00437235479265639,1,0,0,0,0,0,0
"539",3,0.999925255408815,7.47445911845003e-05,1,0,0,0,0,0,0
"540",3,0.975986817507739,0.0240131824922613,1,0,0,0,0,0,0
"541",3,0.910006971728256,0.0899930282717435,1,0,0,0,0,0,0
"542",3,0.999476918401895,0.000523081598104971,1,0,0,0,0,0,0
"543",3,0.999274080462288,0.000725919537712249,1,0,0,0,0,0,0
"544",3,0.529504273782909,0.470495726217092,1,0,1,1,0,0,0
"545",3,0.845709728995565,0.154290271004435,1,0,1,0,0,0,0
"546",3,0.999678369937291,0.000321630062709145,1,0,0,0,0,0,0
"547",3,0.999956150307859,4.38496921408989e-05,1,0,0,0,0,0,0
"548",3,0.999648059775112,0.000351940224888568,1,0,0,0,0,0,0
"549",3,0.999832552234578,0.00016744776542246,1,0,0,0,0,0,0
"550",3,0.91158913428545,0.08841086571455,1,0,0,0,0,0,0
"551",3,0.999999324946665,6.75053335382548e-07,1,0,0,0,0,0,0
"552",3,0.999997608616113,2.39138388712132e-06,1,0,0,0,0,0,0
"553",3,0.999635921058458,0.00036407894154191,1,0,0,0,0,0,0
"554",3,0.999979140069254,2.08599307457008e-05,1,0,0,0,0,0,0
"555",3,0.999898394258279,0.000101605741720744,1,0,0,0,0,0,0
"556",3,0.998277461781805,0.00172253821819448,1,0,0,0,0,0,0
"557",3,0.999919413777689,8.0586222311014e-05,1,0,0,0,0,0,0
"558",3,0.000387730596862982,0.999612269403137,2,1,1,1,1,1,1
"559",3,0.999981023216003,1.89767839970618e-05,1,0,0,0,0,0,0
"560",3,0.999517408108995,0.000482591891005263,1,0,0,0,0,0,0
"561",3,0.999660965205627,0.000339034794372815,1,0,0,0,0,0,0
"562",3,0.99997140965682,2.8590343180323e-05,1,0,0,0,0,0,0
"563",3,0.99997566576387,2.43342361302872e-05,1,0,0,0,0,0,0
"564",3,0.991889848988091,0.00811015101190896,1,0,0,0,0,0,0
"565",3,0.998144228360633,0.00185577163936707,1,0,0,0,0,0,0
"566",3,0.999973619893908,2.63801060916834e-05,1,0,0,0,0,0,0
"567",3,0.999712757164447,0.000287242835553284,1,0,0,0,0,0,0
"568",3,0.999996183789905,3.8162100954909e-06,1,0,0,0,0,0,0
"569",3,0.999980839456889,1.91605431109587e-05,1,0,0,0,0,0,0
"570",3,0.999626631613151,0.000373368386849491,1,0,0,0,0,0,0
"571",3,0.999983818877386,1.61811226144584e-05,1,0,0,0,0,0,0
"572",3,0.999987486356088,1.25136439123009e-05,1,0,0,0,0,0,0
"573",3,0.999933292618608,6.67073813917712e-05,1,0,0,0,0,0,0
"574",3,0.31150815576786,0.68849184423214,2,0,1,1,1,0,0
"575",3,0.995856957444432,0.00414304255556829,1,0,0,0,0,0,0
"576",3,0.999993434972179,6.56502782122111e-06,1,0,0,0,0,0,0
"577",3,0.999875849659444,0.000124150340556444,1,0,0,0,0,0,0
"578",3,0.997211212542671,0.00278878745732876,1,0,0,0,0,0,0
"579",3,0.629541072325416,0.370458927674584,1,0,1,1,0,0,0
"580",3,0.999577517601588,0.00042248239841191,1,0,0,0,0,0,0
"581",3,0.999876937516849,0.000123062483150836,1,0,0,0,0,0,0
"582",3,0.999869841676834,0.000130158323166338,1,0,0,0,0,0,0
"583",3,0.999989470417217,1.05295827831458e-05,1,0,0,0,0,0,0
"584",3,0.999998756639635,1.24336036456953e-06,1,0,0,0,0,0,0
"585",3,0.996785673357778,0.00321432664222196,1,0,0,0,0,0,0
"586",3,0.83715556702955,0.16284443297045,1,0,1,0,0,0,0
"587",3,0.999750245865016,0.000249754134983906,1,0,0,0,0,0,0
"588",3,0.999962752737101,3.72472628985728e-05,1,0,0,0,0,0,0
"589",3,0.996977776256908,0.00302222374309226,1,0,0,0,0,0,0
"590",3,0.999846577379684,0.000153422620316361,1,0,0,0,0,0,0
"591",3,0.99600000766502,0.00399999233498026,1,0,0,0,0,0,0
"592",3,0.999773607518626,0.000226392481374154,1,0,0,0,0,0,0
"593",3,0.000474220223194789,0.999525779776805,2,1,1,1,1,1,1
"594",3,0.999993667674874,6.33232512619961e-06,1,0,0,0,0,0,0
"595",3,0.999872401078057,0.000127598921942506,1,0,0,0,0,0,0
"596",3,0.999825884591215,0.000174115408784878,1,0,0,0,0,0,0
"597",3,0.999991190011009,8.80998899150025e-06,1,0,0,0,0,0,0
"598",3,0.999934837130666,6.51628693341233e-05,1,0,0,0,0,0,0
"599",3,0.999994473020305,5.52697969541343e-06,1,0,0,0,0,0,0
"600",3,0.999978182343374,2.1817656626156e-05,1,0,0,0,0,0,0
"601",3,0.994950589141418,0.00504941085858214,1,0,0,0,0,0,0
"602",3,0.999989786567588,1.02134324122444e-05,1,0,0,0,0,0,0
"603",3,0.999962015616102,3.79843838978224e-05,1,0,0,0,0,0,0
"604",3,0.999968699918667,3.13000813332089e-05,1,0,0,0,0,0,0
"605",3,0.993916436613082,0.00608356338691785,1,1,0,0,0,0,0
"606",3,0.912761195088341,0.087238804911659,1,0,0,0,0,0,0
"607",3,0.999432826356513,0.0005671736434874,1,0,0,0,0,0,0
"608",3,0.00226319591680733,0.997736804083193,2,1,1,1,1,1,1
"609",3,0.999705748606701,0.000294251393299383,1,0,0,0,0,0,0
"610",3,0.998491315154813,0.00150868484518695,1,0,0,0,0,0,0
"611",3,0.999584031940612,0.000415968059387745,1,0,0,0,0,0,0
"612",3,0.99999733026333,2.66973666976627e-06,1,0,0,0,0,0,0
"613",3,0.999655173147727,0.000344826852273011,1,0,0,0,0,0,0
"614",3,0.999989381037889,1.06189621106414e-05,1,0,0,0,0,0,0
"615",3,0.998669008630658,0.00133099136934179,1,0,0,0,0,0,0
"616",3,0.999990478260008,9.52173999209317e-06,1,0,0,0,0,0,0
"617",3,0.998243405039279,0.00175659496072058,1,0,0,0,0,0,0
"618",3,0.999838879091108,0.000161120908891531,1,0,0,0,0,0,0
"619",3,0.999886826954379,0.000113173045621133,1,0,0,0,0,0,0
"620",3,0.999993097210782,6.90278921757178e-06,1,0,0,0,0,0,0
"621",3,0.999992678345759,7.32165424132074e-06,1,0,0,0,0,0,0
"622",3,0.999969387301178,3.06126988216234e-05,1,0,0,0,0,0,0
"623",3,0.99997385424043,2.61457595696636e-05,1,0,0,0,0,0,0
"624",3,0.999950254068885,4.97459311145868e-05,1,0,0,0,0,0,0
"625",3,0.999999467710839,5.32289161230933e-07,1,0,0,0,0,0,0
"626",3,0.999740697681932,0.000259302318067656,1,0,0,0,0,0,0
"627",3,0.999704659272444,0.00029534072755565,1,0,0,0,0,0,0
"628",3,0.99999698028464,3.01971535981909e-06,1,0,0,0,0,0,0
"629",3,0.999897599758591,0.000102400241408904,1,0,0,0,0,0,0
"630",3,0.99220579756131,0.00779420243868985,1,0,0,0,0,0,0
"631",3,0.986341672856007,0.0136583271439929,1,0,0,0,0,0,0
"632",3,0.999504378947822,0.000495621052178227,1,0,0,0,0,0,0
"633",3,0.999988340965219,1.16590347806214e-05,1,0,0,0,0,0,0
"634",3,0.99988008459944,0.000119915400560025,1,0,0,0,0,0,0
"635",3,0.933979473594546,0.0660205264054541,1,1,0,0,0,0,0
"636",3,0.982127504982302,0.0178724950176984,1,0,0,0,0,0,0
"637",3,0.99849029090896,0.00150970909103991,1,0,0,0,0,0,0
"638",3,0.806819080915326,0.193180919084674,1,0,1,0,0,0,0
"639",3,0.999814073684499,0.000185926315500506,1,0,0,0,0,0,0
"640",3,0.999999088793051,9.11206949227817e-07,1,0,0,0,0,0,0
"641",3,0.999997421392733,2.5786072667703e-06,1,0,0,0,0,0,0
"642",3,0.999978853577195,2.11464228054499e-05,1,0,0,0,0,0,0
"643",3,0.9989830963382,0.00101690366179998,1,0,0,0,0,0,0
"644",3,0.999997464542096,2.53545790417827e-06,1,0,0,0,0,0,0
"645",3,0.849615113980742,0.150384886019258,1,0,1,0,0,0,0
"646",3,0.999993151422506,6.84857749402686e-06,1,0,0,0,0,0,0
"647",3,0.999988543084345,1.14569156545991e-05,1,0,0,0,0,0,0
"648",3,0.0054112746196202,0.99458872538038,2,1,1,1,1,1,1
"649",3,0.915028924442996,0.0849710755570037,1,1,0,0,0,0,0
"650",3,0.920665227909635,0.0793347720903647,1,0,0,0,0,0,0
"651",3,0.995113732727364,0.00488626727263634,1,0,0,0,0,0,0
"652",3,0.974975236038948,0.0250247639610519,1,0,0,0,0,0,0
"653",3,0.999060313863778,0.000939686136221927,1,0,0,0,0,0,0
"654",3,0.776813527854904,0.223186472145096,1,1,1,0,0,0,0
"655",3,0.999711276161833,0.000288723838166985,1,0,0,0,0,0,0
"656",3,0.999995645341185,4.35465881465863e-06,1,0,0,0,0,0,0
"657",3,0.999942073000843,5.79269991572705e-05,1,0,0,0,0,0,0
"658",3,0.982228331066936,0.0177716689330644,1,0,0,0,0,0,0
"659",3,0.592958996026239,0.407041003973761,1,0,1,1,0,0,0
"660",3,0.999985740866048,1.42591339515773e-05,1,0,0,0,0,0,0
"661",3,0.999932168359225,6.78316407753117e-05,1,0,0,0,0,0,0
"662",3,0.999976986660329,2.30133396709173e-05,1,0,0,0,0,0,0
"663",3,0.999925971870158,7.40281298418333e-05,1,0,0,0,0,0,0
"664",3,0.996785037908932,0.00321496209106776,1,0,0,0,0,0,0
"665",3,0.999988196245171,1.18037548291079e-05,1,0,0,0,0,0,0
"666",3,0.992046312716262,0.00795368728373811,1,0,0,0,0,0,0
"667",3,0.999975128329839,2.4871670160676e-05,1,0,0,0,0,0,0
"668",3,0.99888539681902,0.00111460318097947,1,0,0,0,0,0,0
"669",3,0.998915110878498,0.00108488912150221,1,0,0,0,0,0,0
"670",3,0.992347211914121,0.00765278808587887,1,0,0,0,0,0,0
"671",3,0.999895767221959,0.000104232778040968,1,0,0,0,0,0,0
"672",3,0.999797490489177,0.000202509510823179,1,0,0,0,0,0,0
"673",3,0.99998188400908,1.81159909203962e-05,1,0,0,0,0,0,0
"674",3,0.999991301315136,8.69868486372331e-06,1,0,0,0,0,0,0
"675",3,0.00897926792481391,0.991020732075186,2,1,1,1,1,1,1
"676",3,0.999999453150084,5.46849915517867e-07,1,0,0,0,0,0,0
"677",3,0.994246488967504,0.00575351103249615,1,0,0,0,0,0,0
"678",3,0.998753561886982,0.00124643811301792,1,0,0,0,0,0,0
"679",3,0.999582843493821,0.000417156506178915,1,0,0,0,0,0,0
"680",3,0.999265672578446,0.000734327421554313,1,0,0,0,0,0,0
"681",3,0.999968999117205,3.1000882794925e-05,1,0,0,0,0,0,0
"682",3,0.999734590950923,0.000265409049076999,1,0,0,0,0,0,0
"683",3,0.999994752151296,5.24784870397183e-06,1,0,0,0,0,0,0
"684",3,0.638661863914029,0.361338136085971,1,1,1,1,0,0,0
"685",3,0.999994955439588,5.04456041175219e-06,1,0,0,0,0,0,0
"686",3,0.999705286244889,0.000294713755111295,1,0,0,0,0,0,0
"687",3,0.999970697817255,2.93021827452467e-05,1,0,0,0,0,0,0
"688",3,0.999728643034314,0.000271356965685513,1,0,0,0,0,0,0
"689",3,0.999813765222224,0.000186234777776397,1,0,0,0,0,0,0
"690",3,0.998514720843146,0.00148527915685377,1,0,0,0,0,0,0
"691",3,0.999988424899232,1.15751007680587e-05,1,0,0,0,0,0,0
"692",3,0.99296230473976,0.00703769526024031,1,0,0,0,0,0,0
"693",3,0.999997955616573,2.04438342756839e-06,1,0,0,0,0,0,0
"694",3,0.999155420030992,0.000844579969007577,1,0,0,0,0,0,0
"695",3,0.999797826140949,0.00020217385905125,1,0,0,0,0,0,0
"696",3,0.99999257876951,7.42123049016824e-06,1,0,0,0,0,0,0
"697",3,0.99990240624587,9.75937541305834e-05,1,0,0,0,0,0,0
"698",3,0.998637523013776,0.00136247698622449,1,0,0,0,0,0,0
"699",3,0.99990395019867,9.60498013296147e-05,1,0,0,0,0,0,0
"700",3,0.99894793934111,0.00105206065888979,1,0,0,0,0,0,0
"701",3,0.6431100757195,0.3568899242805,1,0,1,1,0,0,0
"702",3,0.0279007310290325,0.972099268970968,2,0,1,1,1,1,1
"703",3,0.997762642869546,0.00223735713045439,1,0,0,0,0,0,0
"704",3,0.999989203147527,1.07968524729632e-05,1,0,0,0,0,0,0
"705",3,0.999333588263084,0.000666411736916168,1,0,0,0,0,0,0
"706",3,0.999959268943567,4.07310564333683e-05,1,0,0,0,0,0,0
"707",3,0.0767574713572027,0.923242528642797,2,0,1,1,1,1,1
"708",3,0.997059107811855,0.00294089218814474,1,0,0,0,0,0,0
"709",3,0.999993364939548,6.63506045207927e-06,1,0,0,0,0,0,0
"710",3,0.999977901478905,2.20985210953963e-05,1,0,0,0,0,0,0
"711",3,0.998482237612044,0.00151776238795597,1,0,0,0,0,0,0
"712",3,0.999688902231497,0.000311097768503582,1,0,0,0,0,0,0
"713",3,0.839761089396536,0.160238910603463,1,0,1,0,0,0,0
"714",3,0.912753111737525,0.087246888262475,1,0,0,0,0,0,0
"715",3,0.983346034886902,0.0166539651130985,1,0,0,0,0,0,0
"716",3,0.605534272430438,0.394465727569562,1,1,1,1,0,0,0
"717",3,0.999428174148156,0.000571825851844075,1,0,0,0,0,0,0
"718",3,0.958912641810136,0.0410873581898636,1,0,0,0,0,0,0
"719",3,0.982581740404312,0.0174182595956881,1,0,0,0,0,0,0
"720",3,0.973525662134625,0.0264743378653749,1,0,0,0,0,0,0
"721",3,0.999977110009162,2.28899908377692e-05,1,0,0,0,0,0,0
"722",3,0.999997978828924,2.02117107631971e-06,1,0,0,0,0,0,0
"723",3,0.000898654576637392,0.999101345423362,2,1,1,1,1,1,1
"724",3,0.999328771057883,0.000671228942117563,1,0,0,0,0,0,0
"725",3,0.99935576186678,0.000644238133219966,1,0,0,0,0,0,0
"726",3,0.999126673099503,0.000873326900497068,1,0,0,0,0,0,0
"727",3,0.966858721591557,0.0331412784084427,1,0,0,0,0,0,0
"728",3,0.999974526423638,2.54735763615291e-05,1,0,0,0,0,0,0
"729",3,0.999952177469547,4.78225304535393e-05,1,0,0,0,0,0,0
"730",3,0.922351892556873,0.077648107443127,1,0,0,0,0,0,0
"731",3,0.99998506813208,1.49318679198628e-05,1,0,0,0,0,0,0
"732",3,0.963713531067537,0.0362864689324635,1,0,0,0,0,0,0
"733",3,0.999876090630258,0.000123909369742263,1,0,0,0,0,0,0
"734",3,0.999986477358819,1.35226411809985e-05,1,0,0,0,0,0,0
"735",3,0.996736198174887,0.00326380182511346,1,0,0,0,0,0,0
"736",3,0.824181065818219,0.175818934181781,1,0,1,0,0,0,0
"737",3,0.97016200111335,0.0298379988866505,1,0,0,0,0,0,0
"738",3,0.999405840732888,0.000594159267111777,1,0,0,0,0,0,0
"739",3,0.999979348081473,2.06519185271955e-05,1,0,0,0,0,0,0
"740",3,0.999974845147102,2.51548528982618e-05,1,0,0,0,0,0,0
"741",3,0.999996019498629,3.98050137136781e-06,1,0,0,0,0,0,0
"742",3,0.980308827097395,0.0196911729026049,1,0,0,0,0,0,0
"743",3,0.999992525990583,7.47400941689874e-06,1,0,0,0,0,0,0
"744",3,0.999905415712725,9.45842872750696e-05,1,0,0,0,0,0,0
"745",3,0.999845168855095,0.000154831144905112,1,0,0,0,0,0,0
"746",3,0.998098203702488,0.00190179629751213,1,0,0,0,0,0,0
"747",3,0.999983417543872,1.65824561275782e-05,1,0,0,0,0,0,0
"748",3,0.99997550119019,2.44988098102747e-05,1,0,0,0,0,0,0
"749",3,0.999835821115454,0.000164178884545867,1,0,0,0,0,0,0
"750",3,0.999885281240427,0.000114718759573167,1,0,0,0,0,0,0
"751",3,0.975662145124043,0.0243378548759572,1,0,0,0,0,0,0
"752",3,0.999984863641181,1.51363588191483e-05,1,0,0,0,0,0,0
"753",3,0.999979531857553,2.04681424475949e-05,1,0,0,0,0,0,0
"754",3,0.999898342032924,0.000101657967075673,1,0,0,0,0,0,0
"755",3,0.99994814716413,5.18528358694283e-05,1,0,0,0,0,0,0
"756",3,0.999929049427189,7.09505728108154e-05,1,0,0,0,0,0,0
"757",3,0.999890562099349,0.000109437900650996,1,0,0,0,0,0,0
"758",3,0.999962905812484,3.70941875156098e-05,1,0,0,0,0,0,0
"759",3,0.999728938009796,0.000271061990204445,1,0,0,0,0,0,0
"760",3,0.999997001902508,2.99809749169266e-06,1,0,0,0,0,0,0
"761",3,0.999950759230738,4.92407692619137e-05,1,0,0,0,0,0,0
"762",3,0.999999266384417,7.33615583071516e-07,1,0,0,0,0,0,0
"763",4,0.999971017113967,2.89828860333272e-05,1,0,0,0,0,0,0
"764",4,0.999976444538235,2.35554617649756e-05,1,0,0,0,0,0,0
"765",4,0.999873035860964,0.000126964139036369,1,0,0,0,0,0,0
"766",4,0.999977794828062,2.22051719374578e-05,1,0,0,0,0,0,0
"767",4,0.999989118058674,1.08819413256172e-05,1,0,0,0,0,0,0
"768",4,0.999179696036498,0.00082030396350238,1,0,0,0,0,0,0
"769",4,0.999986560043195,1.34399568050416e-05,1,0,0,0,0,0,0
"770",4,0.999968638388899,3.13616111007157e-05,1,0,0,0,0,0,0
"771",4,0.999980960740604,1.90392593964169e-05,1,0,0,0,0,0,0
"772",4,0.999403944356789,0.00059605564321056,1,0,0,0,0,0,0
"773",4,0.995709328937893,0.00429067106210659,1,1,0,0,0,0,0
"774",4,0.993637714789914,0.00636228521008609,1,0,0,0,0,0,0
"775",4,0.999970985594225,2.90144057749391e-05,1,0,0,0,0,0,0
"776",4,0.00342619301579361,0.996573806984206,2,1,1,1,1,1,1
"777",4,0.999926484955316,7.35150446838412e-05,1,0,0,0,0,0,0
"778",4,0.999953724759129,4.62752408713443e-05,1,0,0,0,0,0,0
"779",4,0.999944690990753,5.53090092468769e-05,1,0,0,0,0,0,0
"780",4,0.99986805169456,0.000131948305440095,1,0,0,0,0,0,0
"781",4,0.999963893525328,3.61064746724097e-05,1,0,0,0,0,0,0
"782",4,0.999987794823488,1.22051765117524e-05,1,0,0,0,0,0,0
"783",4,0.999976519586195,2.34804138048426e-05,1,0,0,0,0,0,0
"784",4,0.999907932768068,9.20672319320689e-05,1,0,0,0,0,0,0
"785",4,0.626362201553539,0.373637798446461,1,0,1,1,0,0,0
"786",4,0.999990966201995,9.03379800482101e-06,1,0,0,0,0,0,0
"787",4,0.96844152277325,0.0315584772267496,1,0,0,0,0,0,0
"788",4,0.999968627983735,3.13720162652869e-05,1,0,0,0,0,0,0
"789",4,0.999849097881186,0.000150902118814376,1,0,0,0,0,0,0
"790",4,0.999948502755277,5.14972447224544e-05,1,0,0,0,0,0,0
"791",4,0.999821829504541,0.000178170495459325,1,0,0,0,0,0,0
"792",4,0.99999704380021,2.95619979007902e-06,1,0,0,0,0,0,0
"793",4,0.99853333299869,0.00146666700131025,1,1,0,0,0,0,0
"794",4,0.958927142162808,0.0410728578371916,1,0,0,0,0,0,0
"795",4,0.999993373623918,6.62637608160395e-06,1,0,0,0,0,0,0
"796",4,0.999013507543899,0.000986492456101488,1,0,0,0,0,0,0
"797",4,0.985341514297055,0.0146584857029452,1,0,0,0,0,0,0
"798",4,0.999923624638289,7.63753617107904e-05,1,0,0,0,0,0,0
"799",4,0.999919898474114,8.0101525885614e-05,1,0,0,0,0,0,0
"800",4,0.997887335313375,0.00211266468662492,1,0,0,0,0,0,0
"801",4,0.999990282927035,9.71707296483027e-06,1,0,0,0,0,0,0
"802",4,0.998264007986734,0.00173599201326597,1,0,0,0,0,0,0
"803",4,0.997751806861456,0.00224819313854348,1,0,0,0,0,0,0
"804",4,0.93300341061984,0.0669965893801595,1,1,0,0,0,0,0
"805",4,0.999576180934421,0.000423819065579401,1,0,0,0,0,0,0
"806",4,0.998057814266351,0.00194218573364933,1,0,0,0,0,0,0
"807",4,0.999967898039178,3.21019608218977e-05,1,0,0,0,0,0,0
"808",4,0.999935861320665,6.41386793343848e-05,1,0,0,0,0,0,0
"809",4,0.999819702284519,0.000180297715480845,1,0,0,0,0,0,0
"810",4,0.999994982130186,5.01786981447053e-06,1,0,0,0,0,0,0
"811",4,0.99939370958629,0.000606290413709723,1,0,0,0,0,0,0
"812",4,0.999931672160342,6.83278396585587e-05,1,0,0,0,0,0,0
"813",4,0.949319266427786,0.0506807335722144,1,0,0,0,0,0,0
"814",4,0.999988627763766,1.13722362336036e-05,1,0,0,0,0,0,0
"815",4,0.999973057244916,2.69427550839581e-05,1,0,0,0,0,0,0
"816",4,0.999980813009086,1.91869909138082e-05,1,0,0,0,0,0,0
"817",4,0.999927021468308,7.29785316920242e-05,1,0,0,0,0,0,0
"818",4,0.999988045001746,1.19549982534891e-05,1,0,0,0,0,0,0
"819",4,0.999999419786961,5.80213039387161e-07,1,0,0,0,0,0,0
"820",4,0.952507711628325,0.0474922883716751,1,0,0,0,0,0,0
"821",4,0.999604744350204,0.000395255649796523,1,0,0,0,0,0,0
"822",4,0.225804635302556,0.774195364697445,2,0,1,1,1,1,0
"823",4,0.999874657910478,0.000125342089521865,1,0,0,0,0,0,0
"824",4,0.998920590555899,0.00107940944410121,1,0,0,0,0,0,0
"825",4,0.999946400169282,5.35998307175788e-05,1,0,0,0,0,0,0
"826",4,0.999994587970424,5.41202957571305e-06,1,0,0,0,0,0,0
"827",4,0.99996195347455,3.80465254502828e-05,1,0,0,0,0,0,0
"828",4,0.748117826323815,0.251882173676185,1,0,1,1,0,0,0
"829",4,0.996787614281885,0.00321238571811473,1,0,0,0,0,0,0
"830",4,0.999603541406989,0.000396458593010949,1,0,0,0,0,0,0
"831",4,0.950341474728849,0.0496585252711512,1,0,0,0,0,0,0
"832",4,0.945555372389443,0.054444627610557,1,0,0,0,0,0,0
"833",4,0.999971060377625,2.893962237554e-05,1,0,0,0,0,0,0
"834",4,0.999772502493749,0.000227497506251108,1,0,0,0,0,0,0
"835",4,0.999999657201646,3.42798354013073e-07,1,0,0,0,0,0,0
"836",4,0.999894077928244,0.000105922071756222,1,0,0,0,0,0,0
"837",4,0.99993471161765,6.52883823499699e-05,1,0,0,0,0,0,0
"838",4,0.999734650603999,0.00026534939600077,1,0,0,0,0,0,0
"839",4,0.999943151840486,5.68481595144477e-05,1,0,0,0,0,0,0
"840",4,0.999996947132536,3.05286746448052e-06,1,0,0,0,0,0,0
"841",4,0.999913390554723,8.66094452767053e-05,1,0,0,0,0,0,0
"842",4,0.999978982440925,2.10175590752983e-05,1,0,0,0,0,0,0
"843",4,0.9999101437094,8.98562905997284e-05,1,0,0,0,0,0,0
"844",4,0.999095788170436,0.000904211829564453,1,0,0,0,0,0,0
"845",4,0.990632534974589,0.00936746502541117,1,0,0,0,0,0,0
"846",4,0.999980868151579,1.91318484212098e-05,1,0,0,0,0,0,0
"847",4,0.998573638876337,0.00142636112366263,1,0,0,0,0,0,0
"848",4,0.999511030402928,0.000488969597072323,1,0,0,0,0,0,0
"849",4,0.999868088902789,0.0001319110972109,1,0,0,0,0,0,0
"850",4,0.99989569204944,0.000104307950559892,1,0,0,0,0,0,0
"851",4,0.999808032654336,0.000191967345663776,1,0,0,0,0,0,0
"852",4,0.99938363474326,0.000616365256740181,1,0,0,0,0,0,0
"853",4,0.999994883546094,5.11645390613891e-06,1,0,0,0,0,0,0
"854",4,0.999908501427098,9.14985729021728e-05,1,0,0,0,0,0,0
"855",4,0.999167180965699,0.000832819034300707,1,0,0,0,0,0,0
"856",4,0.999699914042801,0.000300085957199299,1,0,0,0,0,0,0
"857",4,0.999442058036965,0.000557941963034839,1,0,0,0,0,0,0
"858",4,0.999985594316857,1.44056831425863e-05,1,0,0,0,0,0,0
"859",4,0.996891448024391,0.00310855197560852,1,0,0,0,0,0,0
"860",4,0.999987161606416,1.28383935836693e-05,1,0,0,0,0,0,0
"861",4,0.999884526832875,0.000115473167124732,1,0,0,0,0,0,0
"862",4,0.999554301362767,0.00044569863723307,1,0,0,0,0,0,0
"863",4,0.999634125487757,0.000365874512242552,1,0,0,0,0,0,0
"864",4,0.999999665351609,3.34648391293514e-07,1,0,0,0,0,0,0
"865",4,0.99999707589847,2.92410152967959e-06,1,0,0,0,0,0,0
"866",4,0.99919517286181,0.000804827138190041,1,0,0,0,0,0,0
"867",4,0.99999800115204,1.99884796037142e-06,1,0,0,0,0,0,0
"868",4,0.999453468252755,0.000546531747245323,1,0,0,0,0,0,0
"869",4,0.999872720634791,0.000127279365208896,1,0,0,0,0,0,0
"870",4,0.999958034979735,4.19650202647751e-05,1,0,0,0,0,0,0
"871",4,0.999998725115527,1.27488447314634e-06,1,0,0,0,0,0,0
"872",4,0.999969124384235,3.08756157652792e-05,1,0,0,0,0,0,0
"873",4,0.999387417910415,0.000612582089585153,1,0,0,0,0,0,0
"874",4,0.00775207036488137,0.992247929635119,2,1,1,1,1,1,1
"875",4,0.999975140914632,2.48590853682479e-05,1,0,0,0,0,0,0
"876",4,0.998634116657119,0.00136588334288098,1,0,0,0,0,0,0
"877",4,0.999990237618424,9.76238157616418e-06,1,0,0,0,0,0,0
"878",4,0.999569740172711,0.000430259827288667,1,0,0,0,0,0,0
"879",4,0.996393340875679,0.00360665912432092,1,0,0,0,0,0,0
"880",4,0.999945693982712,5.4306017288485e-05,1,0,0,0,0,0,0
"881",4,0.999985295120186,1.47048798136236e-05,1,0,0,0,0,0,0
"882",4,0.999993843088577,6.15691142299556e-06,1,0,0,0,0,0,0
"883",4,0.999991199317373,8.800682627025e-06,1,0,0,0,0,0,0
"884",4,0.999436303944234,0.000563696055765666,1,0,0,0,0,0,0
"885",4,0.997900866836122,0.00209913316387815,1,0,0,0,0,0,0
"886",4,0.99999342421314,6.57578686007016e-06,1,0,0,0,0,0,0
"887",4,0.9071065200247,0.0928934799753002,1,0,0,0,0,0,0
"888",4,0.999996585587546,3.41441245433114e-06,1,0,0,0,0,0,0
"889",4,0.99999758373654,2.41626346027088e-06,1,0,0,0,0,0,0
"890",4,0.99961498247725,0.000385017522750196,1,0,0,0,0,0,0
"891",4,0.999934528393537,6.54716064632712e-05,1,0,0,0,0,0,0
"892",4,0.999989801824208,1.01981757920383e-05,1,0,0,0,0,0,0
"893",4,0.990543264554594,0.00945673544540621,1,0,0,0,0,0,0
"894",4,0.999990535242407,9.46475759301238e-06,1,0,0,0,0,0,0
"895",4,0.000814569707210638,0.999185430292789,2,1,1,1,1,1,1
"896",4,0.999995403306517,4.59669348297339e-06,1,0,0,0,0,0,0
"897",4,0.999681994863659,0.000318005136340835,1,0,0,0,0,0,0
"898",4,0.99988315933849,0.000116840661510191,1,0,0,0,0,0,0
"899",4,0.999923199236889,7.68007631111729e-05,1,0,0,0,0,0,0
"900",4,0.476603949292963,0.523396050707037,2,0,1,1,1,0,0
"901",4,0.999998779224111,1.22077588915312e-06,1,0,0,0,0,0,0
"902",4,0.99924905072506,0.000750949274940121,1,0,0,0,0,0,0
"903",4,0.999998779830768,1.22016923190809e-06,1,0,0,0,0,0,0
"904",4,0.999985897126467,1.41028735329497e-05,1,0,0,0,0,0,0
"905",4,0.997974769810076,0.0020252301899242,1,0,0,0,0,0,0
"906",4,0.999968223063022,3.17769369774202e-05,1,0,0,0,0,0,0
"907",4,0.999974663289642,2.53367103580456e-05,1,0,0,0,0,0,0
"908",4,0.999809089471905,0.000190910528095267,1,0,0,0,0,0,0
"909",4,0.999973124819287,2.68751807133377e-05,1,0,0,0,0,0,0
"910",4,0.999961846006255,3.81539937452183e-05,1,0,0,0,0,0,0
"911",4,0.999979019390929,2.09806090709525e-05,1,0,0,0,0,0,0
"912",4,0.999998030493309,1.9695066908345e-06,1,0,0,0,0,0,0
"913",4,0.993192209061181,0.00680779093881893,1,0,0,0,0,0,0
"914",4,0.999960260037831,3.9739962168821e-05,1,0,0,0,0,0,0
"915",4,0.989347264210999,0.0106527357890006,1,1,0,0,0,0,0
"916",4,0.999971616295721,2.83837042793238e-05,1,0,0,0,0,0,0
"917",4,0.999778916366706,0.000221083633294002,1,0,0,0,0,0,0
"918",4,0.999832064913611,0.000167935086388733,1,0,0,0,0,0,0
"919",4,0.999443061349881,0.000556938650119222,1,0,0,0,0,0,0
"920",4,0.999088970166703,0.00091102983329747,1,0,0,0,0,0,0
"921",4,0.999970283417694,2.97165823055731e-05,1,0,0,0,0,0,0
"922",4,0.999967415501883,3.25844981168818e-05,1,0,0,0,0,0,0
"923",4,0.46240282655148,0.53759717344852,2,0,1,1,1,0,0
"924",4,3.64594896532245e-05,0.999963540510347,2,1,1,1,1,1,1
"925",4,0.999897379442171,0.000102620557828692,1,0,0,0,0,0,0
"926",4,0.999611890861709,0.000388109138290705,1,0,0,0,0,0,0
"927",4,0.999895307158306,0.00010469284169389,1,0,0,0,0,0,0
"928",4,0.999992111609646,7.88839035371654e-06,1,0,0,0,0,0,0
"929",4,0.999796608012809,0.000203391987190903,1,0,0,0,0,0,0
"930",4,0.889455245175465,0.110544754824535,1,0,1,0,0,0,0
"931",4,0.999982157243054,1.78427569460297e-05,1,0,0,0,0,0,0
"932",4,0.999475273837364,0.000524726162636519,1,0,0,0,0,0,0
"933",4,0.999809840203442,0.000190159796558394,1,0,0,0,0,0,0
"934",4,0.999983425269176,1.65747308234949e-05,1,0,0,0,0,0,0
"935",4,0.999861342367722,0.000138657632277594,1,0,0,0,0,0,0
"936",4,0.76297069480759,0.237029305192411,1,1,1,0,0,0,0
"937",4,0.999997386429248,2.61357075159237e-06,1,0,0,0,0,0,0
"938",4,0.999977562328718,2.24376712822129e-05,1,0,0,0,0,0,0
"939",4,0.999970019464194,2.99805358058946e-05,1,0,0,0,0,0,0
"940",4,0.999962807489365,3.71925106352917e-05,1,0,0,0,0,0,0
"941",4,0.999927386025267,7.26139747331418e-05,1,0,0,0,0,0,0
"942",4,0.999862991924488,0.00013700807551152,1,0,0,0,0,0,0
"943",4,0.999887430202189,0.000112569797811066,1,0,0,0,0,0,0
"944",4,0.998329364125556,0.00167063587444418,1,0,0,0,0,0,0
"945",4,0.988979137055721,0.0110208629442792,1,0,0,0,0,0,0
"946",4,0.999322822471593,0.00067717752840678,1,0,0,0,0,0,0
"947",4,0.999999090758078,9.0924192163041e-07,1,0,0,0,0,0,0
"948",4,0.999730952928482,0.000269047071517784,1,0,0,0,0,0,0
"949",4,0.999967813042387,3.21869576129288e-05,1,0,0,0,0,0,0
"950",4,0.999944903520627,5.5096479372782e-05,1,0,0,0,0,0,0
"951",4,0.999998837930699,1.16206930063776e-06,1,0,0,0,0,0,0
"952",4,0.999942628860684,5.73711393164693e-05,1,0,0,0,0,0,0
"953",4,0.999698846396694,0.000301153603306083,1,0,0,0,0,0,0
"954",4,0.999995941705811,4.05829418853842e-06,1,0,0,0,0,0,0
"955",4,0.897891045351424,0.102108954648576,1,0,1,0,0,0,0
"956",4,0.999987174300083,1.28256999168233e-05,1,0,0,0,0,0,0
"957",4,0.999988066785332,1.19332146679422e-05,1,0,0,0,0,0,0
"958",4,0.999970217158961,2.97828410386545e-05,1,0,0,0,0,0,0
"959",4,0.999988228767768,1.17712322317776e-05,1,0,0,0,0,0,0
"960",4,0.999999839362073,1.60637926721225e-07,1,0,0,0,0,0,0
"961",4,0.998995118495257,0.00100488150474293,1,0,0,0,0,0,0
"962",4,0.512758116437786,0.487241883562214,1,1,1,1,0,0,0
"963",4,0.984585756501052,0.0154142434989478,1,0,0,0,0,0,0
"964",4,0.999497233887175,0.000502766112825141,1,0,0,0,0,0,0
"965",4,0.999998061412524,1.93858747579211e-06,1,0,0,0,0,0,0
"966",4,0.999916920131908,8.30798680916101e-05,1,0,0,0,0,0,0
"967",4,0.999926419044045,7.35809559547774e-05,1,0,0,0,0,0,0
"968",4,0.999962750247815,3.72497521853278e-05,1,0,0,0,0,0,0
"969",4,0.999898719966187,0.000101280033813186,1,0,0,0,0,0,0
"970",4,0.99967871965495,0.0003212803450499,1,0,0,0,0,0,0
"971",4,0.972045094853198,0.0279549051468017,1,0,0,0,0,0,0
"972",4,0.999995571304823,4.42869517656824e-06,1,0,0,0,0,0,0
"973",4,0.999988592412572,1.1407587428152e-05,1,0,0,0,0,0,0
"974",4,0.999961492167829,3.85078321708031e-05,1,0,0,0,0,0,0
"975",4,0.999631315430064,0.000368684569935877,1,0,0,0,0,0,0
"976",4,0.999866625147423,0.000133374852577232,1,0,0,0,0,0,0
"977",4,0.999989610302634,1.0389697365798e-05,1,0,0,0,0,0,0
"978",4,0.999248939700906,0.000751060299094031,1,0,0,0,0,0,0
"979",4,0.999957562631598,4.24373684018226e-05,1,0,0,0,0,0,0
"980",4,0.999940186686972,5.98133130276074e-05,1,0,0,0,0,0,0
"981",4,0.999652100543507,0.000347899456493383,1,0,0,0,0,0,0
"982",4,0.28521095195657,0.71478904804343,2,0,1,1,1,0,0
"983",4,0.999975093056308,2.4906943692386e-05,1,0,0,0,0,0,0
"984",4,0.999991009465064,8.9905349360524e-06,1,0,0,0,0,0,0
"985",4,0.999944910524689,5.50894753111562e-05,1,0,0,0,0,0,0
"986",4,0.999966487579102,3.35124208979135e-05,1,0,0,0,0,0,0
"987",4,0.999999104378991,8.95621008912855e-07,1,0,0,0,0,0,0
"988",4,0.966636719076775,0.033363280923225,1,0,0,0,0,0,0
"989",4,0.998628961742824,0.0013710382571765,1,0,0,0,0,0,0
"990",4,0.999970941950358,2.90580496420122e-05,1,0,0,0,0,0,0
"991",4,0.999836350960023,0.000163649039977349,1,0,0,0,0,0,0
"992",4,0.999956767109808,4.32328901918245e-05,1,0,0,0,0,0,0
"993",4,0.999993428988862,6.57101113777845e-06,1,0,0,0,0,0,0
"994",4,0.999988204666878,1.17953331217994e-05,1,0,0,0,0,0,0
"995",4,0.999577741506881,0.0004222584931192,1,0,0,0,0,0,0
"996",4,0.999996909273259,3.09072674095569e-06,1,0,0,0,0,0,0
"997",4,0.999931795810848,6.82041891525081e-05,1,0,0,0,0,0,0
"998",4,0.997521827740285,0.00247817225971457,1,0,0,0,0,0,0
"999",4,0.999995365884767,4.63411523287585e-06,1,0,0,0,0,0,0
"1000",4,0.999894517642793,0.000105482357207035,1,0,0,0,0,0,0
"1001",4,0.999991058441945,8.94155805492925e-06,1,0,0,0,0,0,0
"1002",4,0.999951505181106,4.8494818894324e-05,1,0,0,0,0,0,0
"1003",4,0.999988207511487,1.17924885131471e-05,1,0,0,0,0,0,0
"1004",4,0.99976392092827,0.000236079071729829,1,0,0,0,0,0,0
"1005",4,0.999990936040204,9.06395979623593e-06,1,0,0,0,0,0,0
"1006",4,0.972532189690024,0.0274678103099757,1,0,0,0,0,0,0
"1007",4,0.999992404325066,7.59567493426589e-06,1,0,0,0,0,0,0
"1008",4,0.99870083450923,0.00129916549076963,1,0,0,0,0,0,0
"1009",4,0.497372578867142,0.502627421132858,2,0,1,1,1,0,0
"1010",4,0.99998681857162,1.31814283796461e-05,1,0,0,0,0,0,0
"1011",4,0.999996697739292,3.30226070807228e-06,1,0,0,0,0,0,0
"1012",4,0.999884056751239,0.000115943248761341,1,0,0,0,0,0,0
"1013",4,0.993703199344991,0.00629680065500954,1,0,0,0,0,0,0
"1014",4,0.999864567019146,0.000135432980854511,1,0,0,0,0,0,0
"1015",4,0.999994158350059,5.84164994147327e-06,1,0,0,0,0,0,0
"1016",4,0.985745018484208,0.0142549815157919,1,1,0,0,0,0,0
